<?xml version="1.0" encoding="UTF-8"?>
<project-private xmlns="http://www.netbeans.org/ns/project-private/1">
    <editor-bookmarks xmlns="http://www.netbeans.org/ns/editor-bookmarks/2" lastBookmarkId="0"/>
    <open-files xmlns="http://www.netbeans.org/ns/projectui-open-files/2">
        <group>
            <file>file:/work/j1/hol/dd/lab1/src/java/org/glassfish/javaee7/batch/lab1/BatchJobSubmitter.java</file>
            <file>file:/work/j1/hol/dd/lab1/web/WEB-INF/classes/META-INF/batch-jobs/PayrollJob.xml</file>
            <file>file:/work/j1/hol/dd/lab1/src/java/org/glassfish/javaee7/batch/lab1/NetPayProcessor.java</file>
            <file>file:/work/j1/hol/dd/lab1/src/java/org/glassfish/javaee7/batch/lab1/PayrollDataHolderBean.java</file>
            <file>file:/work/j1/hol/dd/lab1/src/java/org/glassfish/javaee7/batch/lab1/PayrollInputRecord.java</file>
            <file>file:/work/j1/hol/dd/lab1/src/java/org/glassfish/javaee7/batch/lab1/PayrollInputRecordReader.java</file>
            <file>file:/work/j1/hol/dd/lab1/src/java/org/glassfish/javaee7/batch/lab1/PayrollOutputRecord.java</file>
            <file>file:/work/j1/hol/dd/lab1/src/java/org/glassfish/javaee7/batch/lab1/PayrollOutputRecordWriter.java</file>
        </group>
    </open-files>
</project-private>
